Domain Code,Domain,Area Code (FAO),Area,Element Code,Element,Item Code,Item,Year Code,Year,Unit,Value,Flag,Flag Description,Note
"FS","Suite of Food Security Indicators","2","Afghanistan","6128","Value","21057","Average dietary energy requirement (kcal/cap/day)","2014","2014","kcal/capita/day","2108","F","FAO estimate",""
"FS","Suite of Food Security Indicators","2","Afghanistan","6128","Value","21057","Average dietary energy requirement (kcal/cap/day)","2018","2018","kcal/capita/day","2142","F","FAO estimate",""
"FS","Suite of Food Security Indicators","3","Albania","6128","Value","21057","Average dietary energy requirement (kcal/cap/day)","2014","2014","kcal/capita/day","2494","F","FAO estimate",""
"FS","Suite of Food Security Indicators","3","Albania","6128","Value","21057","Average dietary energy requirement (kcal/cap/day)","2018","2018","kcal/capita/day","2488","F","FAO estimate",""
"FS","Suite of Food Security Indicators","4","Algeria","6128","Value","21057","Average dietary energy requirement (kcal/cap/day)","2014","2014","kcal/capita/day","2307","F","FAO estimate",""
"FS","Suite of Food Security Indicators","4","Algeria","6128","Value","21057","Average dietary energy requirement (kcal/cap/day)","2018","2018","kcal/capita/day","2284","F","FAO estimate",""
"FS","Suite of Food Security Indicators","7","Angola","6128","Value","21057","Average dietary energy requirement (kcal/cap/day)","2014","2014","kcal/capita/day","2098","F","FAO estimate",""
"FS","Suite of Food Security Indicators","7","Angola","6128","Value","21057","Average dietary energy requirement (kcal/cap/day)","2018","2018","kcal/capita/day","2109","F","FAO estimate",""
"FS","Suite of Food Security Indicators","8","Antigua and Barbuda","6128","Value","21057","Average dietary energy requirement (kcal/cap/day)","2014","2014","kcal/capita/day","2447","F","FAO estimate",""
"FS","Suite of Food Security Indicators","8","Antigua and Barbuda","6128","Value","21057","Average dietary energy requirement (kcal/cap/day)","2018","2018","kcal/capita/day","2449","F","FAO estimate",""
"FS","Suite of Food Security Indicators","9","Argentina","6128","Value","21057","Average dietary energy requirement (kcal/cap/day)","2014","2014","kcal/capita/day","2409","F","FAO estimate",""
"FS","Suite of Food Security Indicators","9","Argentina","6128","Value","21057","Average dietary energy requirement (kcal/cap/day)","2018","2018","kcal/capita/day","2412","F","FAO estimate",""
"FS","Suite of Food Security Indicators","1","Armenia","6128","Value","21057","Average dietary energy requirement (kcal/cap/day)","2014","2014","kcal/capita/day","2440","F","FAO estimate",""
"FS","Suite of Food Security Indicators","1","Armenia","6128","Value","21057","Average dietary energy requirement (kcal/cap/day)","2018","2018","kcal/capita/day","2430","F","FAO estimate",""
"FS","Suite of Food Security Indicators","10","Australia","6128","Value","21057","Average dietary energy requirement (kcal/cap/day)","2014","2014","kcal/capita/day","2492","F","FAO estimate",""
"FS","Suite of Food Security Indicators","10","Australia","6128","Value","21057","Average dietary energy requirement (kcal/cap/day)","2018","2018","kcal/capita/day","2483","F","FAO estimate",""
"FS","Suite of Food Security Indicators","11","Austria","6128","Value","21057","Average dietary energy requirement (kcal/cap/day)","2014","2014","kcal/capita/day","2543","F","FAO estimate",""
"FS","Suite of Food Security Indicators","11","Austria","6128","Value","21057","Average dietary energy requirement (kcal/cap/day)","2018","2018","kcal/capita/day","2537","F","FAO estimate",""
"FS","Suite of Food Security Indicators","52","Azerbaijan","6128","Value","21057","Average dietary energy requirement (kcal/cap/day)","2014","2014","kcal/capita/day","2421","F","FAO estimate",""
"FS","Suite of Food Security Indicators","52","Azerbaijan","6128","Value","21057","Average dietary energy requirement (kcal/cap/day)","2018","2018","kcal/capita/day","2407","F","FAO estimate",""
"FS","Suite of Food Security Indicators","12","Bahamas","6128","Value","21057","Average dietary energy requirement (kcal/cap/day)","2014","2014","kcal/capita/day","2449","F","FAO estimate",""
"FS","Suite of Food Security Indicators","12","Bahamas","6128","Value","21057","Average dietary energy requirement (kcal/cap/day)","2018","2018","kcal/capita/day","2470","F","FAO estimate",""
"FS","Suite of Food Security Indicators","13","Bahrain","6128","Value","21057","Average dietary energy requirement (kcal/cap/day)","2014","2014","kcal/capita/day","2508","F","FAO estimate",""
"FS","Suite of Food Security Indicators","13","Bahrain","6128","Value","21057","Average dietary energy requirement (kcal/cap/day)","2018","2018","kcal/capita/day","2538","F","FAO estimate",""
"FS","Suite of Food Security Indicators","16","Bangladesh","6128","Value","21057","Average dietary energy requirement (kcal/cap/day)","2014","2014","kcal/capita/day","2280","F","FAO estimate",""
"FS","Suite of Food Security Indicators","16","Bangladesh","6128","Value","21057","Average dietary energy requirement (kcal/cap/day)","2018","2018","kcal/capita/day","2299","F","FAO estimate",""
"FS","Suite of Food Security Indicators","14","Barbados","6128","Value","21057","Average dietary energy requirement (kcal/cap/day)","2014","2014","kcal/capita/day","2476","F","FAO estimate",""
"FS","Suite of Food Security Indicators","14","Barbados","6128","Value","21057","Average dietary energy requirement (kcal/cap/day)","2018","2018","kcal/capita/day","2484","F","FAO estimate",""
"FS","Suite of Food Security Indicators","57","Belarus","6128","Value","21057","Average dietary energy requirement (kcal/cap/day)","2014","2014","kcal/capita/day","2468","F","FAO estimate",""
"FS","Suite of Food Security Indicators","57","Belarus","6128","Value","21057","Average dietary energy requirement (kcal/cap/day)","2018","2018","kcal/capita/day","2454","F","FAO estimate",""
"FS","Suite of Food Security Indicators","255","Belgium","6128","Value","21057","Average dietary energy requirement (kcal/cap/day)","2014","2014","kcal/capita/day","2539","F","FAO estimate",""
"FS","Suite of Food Security Indicators","255","Belgium","6128","Value","21057","Average dietary energy requirement (kcal/cap/day)","2018","2018","kcal/capita/day","2539","F","FAO estimate",""
"FS","Suite of Food Security Indicators","23","Belize","6128","Value","21057","Average dietary energy requirement (kcal/cap/day)","2014","2014","kcal/capita/day","2257","F","FAO estimate",""
"FS","Suite of Food Security Indicators","23","Belize","6128","Value","21057","Average dietary energy requirement (kcal/cap/day)","2018","2018","kcal/capita/day","2278","F","FAO estimate",""
"FS","Suite of Food Security Indicators","53","Benin","6128","Value","21057","Average dietary energy requirement (kcal/cap/day)","2014","2014","kcal/capita/day","2187","F","FAO estimate",""
"FS","Suite of Food Security Indicators","53","Benin","6128","Value","21057","Average dietary energy requirement (kcal/cap/day)","2018","2018","kcal/capita/day","2203","F","FAO estimate",""
"FS","Suite of Food Security Indicators","17","Bermuda","6128","Value","21057","Average dietary energy requirement (kcal/cap/day)","2014","2014","kcal/capita/day","2469","F","FAO estimate",""
"FS","Suite of Food Security Indicators","17","Bermuda","6128","Value","21057","Average dietary energy requirement (kcal/cap/day)","2018","2018","kcal/capita/day","2489","F","FAO estimate",""
"FS","Suite of Food Security Indicators","18","Bhutan","6128","Value","21057","Average dietary energy requirement (kcal/cap/day)","2014","2014","kcal/capita/day","2319","F","FAO estimate",""
"FS","Suite of Food Security Indicators","18","Bhutan","6128","Value","21057","Average dietary energy requirement (kcal/cap/day)","2018","2018","kcal/capita/day","2339","F","FAO estimate",""
"FS","Suite of Food Security Indicators","19","Bolivia (Plurinational State of)","6128","Value","21057","Average dietary energy requirement (kcal/cap/day)","2014","2014","kcal/capita/day","2243","F","FAO estimate",""
"FS","Suite of Food Security Indicators","19","Bolivia (Plurinational State of)","6128","Value","21057","Average dietary energy requirement (kcal/cap/day)","2018","2018","kcal/capita/day","2260","F","FAO estimate",""
"FS","Suite of Food Security Indicators","80","Bosnia and Herzegovina","6128","Value","21057","Average dietary energy requirement (kcal/cap/day)","2014","2014","kcal/capita/day","2512","F","FAO estimate",""
"FS","Suite of Food Security Indicators","80","Bosnia and Herzegovina","6128","Value","21057","Average dietary energy requirement (kcal/cap/day)","2018","2018","kcal/capita/day","2508","F","FAO estimate",""
"FS","Suite of Food Security Indicators","20","Botswana","6128","Value","21057","Average dietary energy requirement (kcal/cap/day)","2014","2014","kcal/capita/day","2308","F","FAO estimate",""
"FS","Suite of Food Security Indicators","20","Botswana","6128","Value","21057","Average dietary energy requirement (kcal/cap/day)","2018","2018","kcal/capita/day","2321","F","FAO estimate",""
"FS","Suite of Food Security Indicators","21","Brazil","6128","Value","21057","Average dietary energy requirement (kcal/cap/day)","2014","2014","kcal/capita/day","2443","F","FAO estimate",""
"FS","Suite of Food Security Indicators","21","Brazil","6128","Value","21057","Average dietary energy requirement (kcal/cap/day)","2018","2018","kcal/capita/day","2447","F","FAO estimate",""
"FS","Suite of Food Security Indicators","26","Brunei Darussalam","6128","Value","21057","Average dietary energy requirement (kcal/cap/day)","2014","2014","kcal/capita/day","2396","F","FAO estimate",""
"FS","Suite of Food Security Indicators","26","Brunei Darussalam","6128","Value","21057","Average dietary energy requirement (kcal/cap/day)","2018","2018","kcal/capita/day","2402","F","FAO estimate",""
"FS","Suite of Food Security Indicators","27","Bulgaria","6128","Value","21057","Average dietary energy requirement (kcal/cap/day)","2014","2014","kcal/capita/day","2493","F","FAO estimate",""
"FS","Suite of Food Security Indicators","27","Bulgaria","6128","Value","21057","Average dietary energy requirement (kcal/cap/day)","2018","2018","kcal/capita/day","2489","F","FAO estimate",""
"FS","Suite of Food Security Indicators","233","Burkina Faso","6128","Value","21057","Average dietary energy requirement (kcal/cap/day)","2014","2014","kcal/capita/day","2188","F","FAO estimate",""
"FS","Suite of Food Security Indicators","233","Burkina Faso","6128","Value","21057","Average dietary energy requirement (kcal/cap/day)","2018","2018","kcal/capita/day","2204","F","FAO estimate",""
"FS","Suite of Food Security Indicators","29","Burundi","6128","Value","21057","Average dietary energy requirement (kcal/cap/day)","2014","2014","kcal/capita/day","2101","F","FAO estimate",""
"FS","Suite of Food Security Indicators","29","Burundi","6128","Value","21057","Average dietary energy requirement (kcal/cap/day)","2018","2018","kcal/capita/day","2106","F","FAO estimate",""
"FS","Suite of Food Security Indicators","35","Cabo Verde","6128","Value","21057","Average dietary energy requirement (kcal/cap/day)","2014","2014","kcal/capita/day","2383","F","FAO estimate",""
"FS","Suite of Food Security Indicators","35","Cabo Verde","6128","Value","21057","Average dietary energy requirement (kcal/cap/day)","2018","2018","kcal/capita/day","2396","F","FAO estimate",""
"FS","Suite of Food Security Indicators","115","Cambodia","6128","Value","21057","Average dietary energy requirement (kcal/cap/day)","2014","2014","kcal/capita/day","2260","F","FAO estimate",""
"FS","Suite of Food Security Indicators","115","Cambodia","6128","Value","21057","Average dietary energy requirement (kcal/cap/day)","2018","2018","kcal/capita/day","2266","F","FAO estimate",""
"FS","Suite of Food Security Indicators","32","Cameroon","6128","Value","21057","Average dietary energy requirement (kcal/cap/day)","2014","2014","kcal/capita/day","2213","F","FAO estimate",""
"FS","Suite of Food Security Indicators","32","Cameroon","6128","Value","21057","Average dietary energy requirement (kcal/cap/day)","2018","2018","kcal/capita/day","2240","F","FAO estimate",""
"FS","Suite of Food Security Indicators","33","Canada","6128","Value","21057","Average dietary energy requirement (kcal/cap/day)","2014","2014","kcal/capita/day","2507","F","FAO estimate",""
"FS","Suite of Food Security Indicators","33","Canada","6128","Value","21057","Average dietary energy requirement (kcal/cap/day)","2018","2018","kcal/capita/day","2502","F","FAO estimate",""
"FS","Suite of Food Security Indicators","37","Central African Republic","6128","Value","21057","Average dietary energy requirement (kcal/cap/day)","2014","2014","kcal/capita/day","2156","F","FAO estimate",""
"FS","Suite of Food Security Indicators","37","Central African Republic","6128","Value","21057","Average dietary energy requirement (kcal/cap/day)","2018","2018","kcal/capita/day","2174","F","FAO estimate",""
"FS","Suite of Food Security Indicators","39","Chad","6128","Value","21057","Average dietary energy requirement (kcal/cap/day)","2014","2014","kcal/capita/day","2157","F","FAO estimate",""
"FS","Suite of Food Security Indicators","39","Chad","6128","Value","21057","Average dietary energy requirement (kcal/cap/day)","2018","2018","kcal/capita/day","2173","F","FAO estimate",""
"FS","Suite of Food Security Indicators","40","Chile","6128","Value","21057","Average dietary energy requirement (kcal/cap/day)","2014","2014","kcal/capita/day","2430","F","FAO estimate",""
"FS","Suite of Food Security Indicators","40","Chile","6128","Value","21057","Average dietary energy requirement (kcal/cap/day)","2018","2018","kcal/capita/day","2438","F","FAO estimate",""
"FS","Suite of Food Security Indicators","351","China","6128","Value","21057","Average dietary energy requirement (kcal/cap/day)","2014","2014","kcal/capita/day","2449","F","FAO estimate",""
"FS","Suite of Food Security Indicators","351","China","6128","Value","21057","Average dietary energy requirement (kcal/cap/day)","2018","2018","kcal/capita/day","2442","F","FAO estimate",""
"FS","Suite of Food Security Indicators","96","China, Hong Kong SAR","6128","Value","21057","Average dietary energy requirement (kcal/cap/day)","2014","2014","kcal/capita/day","2472","F","FAO estimate",""
"FS","Suite of Food Security Indicators","96","China, Hong Kong SAR","6128","Value","21057","Average dietary energy requirement (kcal/cap/day)","2018","2018","kcal/capita/day","2439","F","FAO estimate",""
"FS","Suite of Food Security Indicators","128","China, Macao SAR","6128","Value","21057","Average dietary energy requirement (kcal/cap/day)","2014","2014","kcal/capita/day","2484","F","FAO estimate",""
"FS","Suite of Food Security Indicators","128","China, Macao SAR","6128","Value","21057","Average dietary energy requirement (kcal/cap/day)","2018","2018","kcal/capita/day","2453","F","FAO estimate",""
"FS","Suite of Food Security Indicators","41","China, mainland","6128","Value","21057","Average dietary energy requirement (kcal/cap/day)","2014","2014","kcal/capita/day","2448","F","FAO estimate",""
"FS","Suite of Food Security Indicators","41","China, mainland","6128","Value","21057","Average dietary energy requirement (kcal/cap/day)","2018","2018","kcal/capita/day","2442","F","FAO estimate",""
"FS","Suite of Food Security Indicators","214","China, Taiwan Province of","6128","Value","21057","Average dietary energy requirement (kcal/cap/day)","2014","2014","kcal/capita/day","2481","F","FAO estimate",""
"FS","Suite of Food Security Indicators","214","China, Taiwan Province of","6128","Value","21057","Average dietary energy requirement (kcal/cap/day)","2018","2018","kcal/capita/day","2471","F","FAO estimate",""
"FS","Suite of Food Security Indicators","44","Colombia","6128","Value","21057","Average dietary energy requirement (kcal/cap/day)","2014","2014","kcal/capita/day","2341","F","FAO estimate",""
"FS","Suite of Food Security Indicators","44","Colombia","6128","Value","21057","Average dietary energy requirement (kcal/cap/day)","2018","2018","kcal/capita/day","2353","F","FAO estimate",""
"FS","Suite of Food Security Indicators","45","Comoros","6128","Value","21057","Average dietary energy requirement (kcal/cap/day)","2014","2014","kcal/capita/day","2219","F","FAO estimate",""
"FS","Suite of Food Security Indicators","45","Comoros","6128","Value","21057","Average dietary energy requirement (kcal/cap/day)","2018","2018","kcal/capita/day","2229","F","FAO estimate",""
"FS","Suite of Food Security Indicators","46","Congo","6128","Value","21057","Average dietary energy requirement (kcal/cap/day)","2014","2014","kcal/capita/day","2209","F","FAO estimate",""
"FS","Suite of Food Security Indicators","46","Congo","6128","Value","21057","Average dietary energy requirement (kcal/cap/day)","2018","2018","kcal/capita/day","2221","F","FAO estimate",""
"FS","Suite of Food Security Indicators","48","Costa Rica","6128","Value","21057","Average dietary energy requirement (kcal/cap/day)","2014","2014","kcal/capita/day","2435","F","FAO estimate",""
"FS","Suite of Food Security Indicators","48","Costa Rica","6128","Value","21057","Average dietary energy requirement (kcal/cap/day)","2018","2018","kcal/capita/day","2439","F","FAO estimate",""
"FS","Suite of Food Security Indicators","107","Côte d'Ivoire","6128","Value","21057","Average dietary energy requirement (kcal/cap/day)","2014","2014","kcal/capita/day","2207","F","FAO estimate",""
"FS","Suite of Food Security Indicators","107","Côte d'Ivoire","6128","Value","21057","Average dietary energy requirement (kcal/cap/day)","2018","2018","kcal/capita/day","2214","F","FAO estimate",""
"FS","Suite of Food Security Indicators","98","Croatia","6128","Value","21057","Average dietary energy requirement (kcal/cap/day)","2014","2014","kcal/capita/day","2491","F","FAO estimate",""
"FS","Suite of Food Security Indicators","98","Croatia","6128","Value","21057","Average dietary energy requirement (kcal/cap/day)","2018","2018","kcal/capita/day","2488","F","FAO estimate",""
"FS","Suite of Food Security Indicators","49","Cuba","6128","Value","21057","Average dietary energy requirement (kcal/cap/day)","2014","2014","kcal/capita/day","2442","F","FAO estimate",""
"FS","Suite of Food Security Indicators","49","Cuba","6128","Value","21057","Average dietary energy requirement (kcal/cap/day)","2018","2018","kcal/capita/day","2443","F","FAO estimate",""
"FS","Suite of Food Security Indicators","50","Cyprus","6128","Value","21057","Average dietary energy requirement (kcal/cap/day)","2014","2014","kcal/capita/day","2536","F","FAO estimate",""
"FS","Suite of Food Security Indicators","50","Cyprus","6128","Value","21057","Average dietary energy requirement (kcal/cap/day)","2018","2018","kcal/capita/day","2532","F","FAO estimate",""
"FS","Suite of Food Security Indicators","167","Czechia","6128","Value","21057","Average dietary energy requirement (kcal/cap/day)","2014","2014","kcal/capita/day","2537","F","FAO estimate",""
"FS","Suite of Food Security Indicators","167","Czechia","6128","Value","21057","Average dietary energy requirement (kcal/cap/day)","2018","2018","kcal/capita/day","2529","F","FAO estimate",""
"FS","Suite of Food Security Indicators","116","Democratic People's Republic of Korea","6128","Value","21057","Average dietary energy requirement (kcal/cap/day)","2014","2014","kcal/capita/day","2402","F","FAO estimate",""
"FS","Suite of Food Security Indicators","116","Democratic People's Republic of Korea","6128","Value","21057","Average dietary energy requirement (kcal/cap/day)","2018","2018","kcal/capita/day","2403","F","FAO estimate",""
"FS","Suite of Food Security Indicators","250","Democratic Republic of the Congo","6128","Value","21057","Average dietary energy requirement (kcal/cap/day)","2014","2014","kcal/capita/day","2104","F","FAO estimate",""
"FS","Suite of Food Security Indicators","250","Democratic Republic of the Congo","6128","Value","21057","Average dietary energy requirement (kcal/cap/day)","2018","2018","kcal/capita/day","2113","F","FAO estimate",""
"FS","Suite of Food Security Indicators","54","Denmark","6128","Value","21057","Average dietary energy requirement (kcal/cap/day)","2014","2014","kcal/capita/day","2546","F","FAO estimate",""
"FS","Suite of Food Security Indicators","54","Denmark","6128","Value","21057","Average dietary energy requirement (kcal/cap/day)","2018","2018","kcal/capita/day","2550","F","FAO estimate",""
"FS","Suite of Food Security Indicators","72","Djibouti","6128","Value","21057","Average dietary energy requirement (kcal/cap/day)","2014","2014","kcal/capita/day","2402","F","FAO estimate",""
"FS","Suite of Food Security Indicators","72","Djibouti","6128","Value","21057","Average dietary energy requirement (kcal/cap/day)","2018","2018","kcal/capita/day","2411","F","FAO estimate",""
"FS","Suite of Food Security Indicators","55","Dominica","6128","Value","21057","Average dietary energy requirement (kcal/cap/day)","2014","2014","kcal/capita/day","2459","F","FAO estimate",""
"FS","Suite of Food Security Indicators","55","Dominica","6128","Value","21057","Average dietary energy requirement (kcal/cap/day)","2018","2018","kcal/capita/day","2463","F","FAO estimate",""
"FS","Suite of Food Security Indicators","56","Dominican Republic","6128","Value","21057","Average dietary energy requirement (kcal/cap/day)","2014","2014","kcal/capita/day","2382","F","FAO estimate",""
"FS","Suite of Food Security Indicators","56","Dominican Republic","6128","Value","21057","Average dietary energy requirement (kcal/cap/day)","2018","2018","kcal/capita/day","2387","F","FAO estimate",""
"FS","Suite of Food Security Indicators","58","Ecuador","6128","Value","21057","Average dietary energy requirement (kcal/cap/day)","2014","2014","kcal/capita/day","2282","F","FAO estimate",""
"FS","Suite of Food Security Indicators","58","Ecuador","6128","Value","21057","Average dietary energy requirement (kcal/cap/day)","2018","2018","kcal/capita/day","2291","F","FAO estimate",""
"FS","Suite of Food Security Indicators","59","Egypt","6128","Value","21057","Average dietary energy requirement (kcal/cap/day)","2014","2014","kcal/capita/day","2324","F","FAO estimate",""
"FS","Suite of Food Security Indicators","59","Egypt","6128","Value","21057","Average dietary energy requirement (kcal/cap/day)","2018","2018","kcal/capita/day","2313","F","FAO estimate",""
"FS","Suite of Food Security Indicators","60","El Salvador","6128","Value","21057","Average dietary energy requirement (kcal/cap/day)","2014","2014","kcal/capita/day","2270","F","FAO estimate",""
"FS","Suite of Food Security Indicators","60","El Salvador","6128","Value","21057","Average dietary energy requirement (kcal/cap/day)","2018","2018","kcal/capita/day","2280","F","FAO estimate",""
"FS","Suite of Food Security Indicators","61","Equatorial Guinea","6128","Value","21057","Average dietary energy requirement (kcal/cap/day)","2014","2014","kcal/capita/day","2296","F","FAO estimate",""
"FS","Suite of Food Security Indicators","61","Equatorial Guinea","6128","Value","21057","Average dietary energy requirement (kcal/cap/day)","2018","2018","kcal/capita/day","2312","F","FAO estimate",""
"FS","Suite of Food Security Indicators","178","Eritrea","6128","Value","21057","Average dietary energy requirement (kcal/cap/day)","2014","2014","kcal/capita/day","2181","F","FAO estimate",""
"FS","Suite of Food Security Indicators","178","Eritrea","6128","Value","21057","Average dietary energy requirement (kcal/cap/day)","2018","2018","kcal/capita/day","2207","F","FAO estimate",""
"FS","Suite of Food Security Indicators","63","Estonia","6128","Value","21057","Average dietary energy requirement (kcal/cap/day)","2014","2014","kcal/capita/day","2542","F","FAO estimate",""
"FS","Suite of Food Security Indicators","63","Estonia","6128","Value","21057","Average dietary energy requirement (kcal/cap/day)","2018","2018","kcal/capita/day","2540","F","FAO estimate",""
"FS","Suite of Food Security Indicators","209","Eswatini","6128","Value","21057","Average dietary energy requirement (kcal/cap/day)","2014","2014","kcal/capita/day","2255","F","FAO estimate",""
"FS","Suite of Food Security Indicators","209","Eswatini","6128","Value","21057","Average dietary energy requirement (kcal/cap/day)","2018","2018","kcal/capita/day","2280","F","FAO estimate",""
"FS","Suite of Food Security Indicators","238","Ethiopia","6128","Value","21057","Average dietary energy requirement (kcal/cap/day)","2014","2014","kcal/capita/day","2189","F","FAO estimate",""
"FS","Suite of Food Security Indicators","238","Ethiopia","6128","Value","21057","Average dietary energy requirement (kcal/cap/day)","2018","2018","kcal/capita/day","2215","F","FAO estimate",""
"FS","Suite of Food Security Indicators","66","Fiji","6128","Value","21057","Average dietary energy requirement (kcal/cap/day)","2014","2014","kcal/capita/day","2360","F","FAO estimate",""
"FS","Suite of Food Security Indicators","66","Fiji","6128","Value","21057","Average dietary energy requirement (kcal/cap/day)","2018","2018","kcal/capita/day","2362","F","FAO estimate",""
"FS","Suite of Food Security Indicators","67","Finland","6128","Value","21057","Average dietary energy requirement (kcal/cap/day)","2014","2014","kcal/capita/day","2546","F","FAO estimate",""
"FS","Suite of Food Security Indicators","67","Finland","6128","Value","21057","Average dietary energy requirement (kcal/cap/day)","2018","2018","kcal/capita/day","2548","F","FAO estimate",""
"FS","Suite of Food Security Indicators","68","France","6128","Value","21057","Average dietary energy requirement (kcal/cap/day)","2014","2014","kcal/capita/day","2489","F","FAO estimate",""
"FS","Suite of Food Security Indicators","68","France","6128","Value","21057","Average dietary energy requirement (kcal/cap/day)","2018","2018","kcal/capita/day","2491","F","FAO estimate",""
"FS","Suite of Food Security Indicators","70","French Polynesia","6128","Value","21057","Average dietary energy requirement (kcal/cap/day)","2014","2014","kcal/capita/day","2433","F","FAO estimate",""
"FS","Suite of Food Security Indicators","70","French Polynesia","6128","Value","21057","Average dietary energy requirement (kcal/cap/day)","2018","2018","kcal/capita/day","2437","F","FAO estimate",""
"FS","Suite of Food Security Indicators","74","Gabon","6128","Value","21057","Average dietary energy requirement (kcal/cap/day)","2014","2014","kcal/capita/day","2281","F","FAO estimate",""
"FS","Suite of Food Security Indicators","74","Gabon","6128","Value","21057","Average dietary energy requirement (kcal/cap/day)","2018","2018","kcal/capita/day","2273","F","FAO estimate",""
"FS","Suite of Food Security Indicators","75","Gambia","6128","Value","21057","Average dietary energy requirement (kcal/cap/day)","2014","2014","kcal/capita/day","2218","F","FAO estimate",""
"FS","Suite of Food Security Indicators","75","Gambia","6128","Value","21057","Average dietary energy requirement (kcal/cap/day)","2018","2018","kcal/capita/day","2224","F","FAO estimate",""
"FS","Suite of Food Security Indicators","73","Georgia","6128","Value","21057","Average dietary energy requirement (kcal/cap/day)","2014","2014","kcal/capita/day","2472","F","FAO estimate",""
"FS","Suite of Food Security Indicators","73","Georgia","6128","Value","21057","Average dietary energy requirement (kcal/cap/day)","2018","2018","kcal/capita/day","2456","F","FAO estimate",""
"FS","Suite of Food Security Indicators","79","Germany","6128","Value","21057","Average dietary energy requirement (kcal/cap/day)","2014","2014","kcal/capita/day","2552","F","FAO estimate",""
"FS","Suite of Food Security Indicators","79","Germany","6128","Value","21057","Average dietary energy requirement (kcal/cap/day)","2018","2018","kcal/capita/day","2541","F","FAO estimate",""
"FS","Suite of Food Security Indicators","81","Ghana","6128","Value","21057","Average dietary energy requirement (kcal/cap/day)","2014","2014","kcal/capita/day","2279","F","FAO estimate",""
"FS","Suite of Food Security Indicators","81","Ghana","6128","Value","21057","Average dietary energy requirement (kcal/cap/day)","2018","2018","kcal/capita/day","2288","F","FAO estimate",""
"FS","Suite of Food Security Indicators","84","Greece","6128","Value","21057","Average dietary energy requirement (kcal/cap/day)","2014","2014","kcal/capita/day","2520","F","FAO estimate",""
"FS","Suite of Food Security Indicators","84","Greece","6128","Value","21057","Average dietary energy requirement (kcal/cap/day)","2018","2018","kcal/capita/day","2524","F","FAO estimate",""
"FS","Suite of Food Security Indicators","86","Grenada","6128","Value","21057","Average dietary energy requirement (kcal/cap/day)","2014","2014","kcal/capita/day","2449","F","FAO estimate",""
"FS","Suite of Food Security Indicators","86","Grenada","6128","Value","21057","Average dietary energy requirement (kcal/cap/day)","2018","2018","kcal/capita/day","2442","F","FAO estimate",""
"FS","Suite of Food Security Indicators","89","Guatemala","6128","Value","21057","Average dietary energy requirement (kcal/cap/day)","2014","2014","kcal/capita/day","2153","F","FAO estimate",""
"FS","Suite of Food Security Indicators","89","Guatemala","6128","Value","21057","Average dietary energy requirement (kcal/cap/day)","2018","2018","kcal/capita/day","2176","F","FAO estimate",""
"FS","Suite of Food Security Indicators","90","Guinea","6128","Value","21057","Average dietary energy requirement (kcal/cap/day)","2014","2014","kcal/capita/day","2170","F","FAO estimate",""
"FS","Suite of Food Security Indicators","90","Guinea","6128","Value","21057","Average dietary energy requirement (kcal/cap/day)","2018","2018","kcal/capita/day","2184","F","FAO estimate",""
"FS","Suite of Food Security Indicators","175","Guinea-Bissau","6128","Value","21057","Average dietary energy requirement (kcal/cap/day)","2014","2014","kcal/capita/day","2198","F","FAO estimate",""
"FS","Suite of Food Security Indicators","175","Guinea-Bissau","6128","Value","21057","Average dietary energy requirement (kcal/cap/day)","2018","2018","kcal/capita/day","2208","F","FAO estimate",""
"FS","Suite of Food Security Indicators","91","Guyana","6128","Value","21057","Average dietary energy requirement (kcal/cap/day)","2014","2014","kcal/capita/day","2327","F","FAO estimate",""
"FS","Suite of Food Security Indicators","91","Guyana","6128","Value","21057","Average dietary energy requirement (kcal/cap/day)","2018","2018","kcal/capita/day","2331","F","FAO estimate",""
"FS","Suite of Food Security Indicators","93","Haiti","6128","Value","21057","Average dietary energy requirement (kcal/cap/day)","2014","2014","kcal/capita/day","2315","F","FAO estimate",""
"FS","Suite of Food Security Indicators","93","Haiti","6128","Value","21057","Average dietary energy requirement (kcal/cap/day)","2018","2018","kcal/capita/day","2333","F","FAO estimate",""
"FS","Suite of Food Security Indicators","95","Honduras","6128","Value","21057","Average dietary energy requirement (kcal/cap/day)","2014","2014","kcal/capita/day","2260","F","FAO estimate",""
"FS","Suite of Food Security Indicators","95","Honduras","6128","Value","21057","Average dietary energy requirement (kcal/cap/day)","2018","2018","kcal/capita/day","2285","F","FAO estimate",""
"FS","Suite of Food Security Indicators","97","Hungary","6128","Value","21057","Average dietary energy requirement (kcal/cap/day)","2014","2014","kcal/capita/day","2532","F","FAO estimate",""
"FS","Suite of Food Security Indicators","97","Hungary","6128","Value","21057","Average dietary energy requirement (kcal/cap/day)","2018","2018","kcal/capita/day","2526","F","FAO estimate",""
"FS","Suite of Food Security Indicators","99","Iceland","6128","Value","21057","Average dietary energy requirement (kcal/cap/day)","2014","2014","kcal/capita/day","2527","F","FAO estimate",""
"FS","Suite of Food Security Indicators","99","Iceland","6128","Value","21057","Average dietary energy requirement (kcal/cap/day)","2018","2018","kcal/capita/day","2532","F","FAO estimate",""
"FS","Suite of Food Security Indicators","100","India","6128","Value","21057","Average dietary energy requirement (kcal/cap/day)","2014","2014","kcal/capita/day","2292","F","FAO estimate",""
"FS","Suite of Food Security Indicators","100","India","6128","Value","21057","Average dietary energy requirement (kcal/cap/day)","2018","2018","kcal/capita/day","2311","F","FAO estimate",""
"FS","Suite of Food Security Indicators","101","Indonesia","6128","Value","21057","Average dietary energy requirement (kcal/cap/day)","2014","2014","kcal/capita/day","2287","F","FAO estimate",""
"FS","Suite of Food Security Indicators","101","Indonesia","6128","Value","21057","Average dietary energy requirement (kcal/cap/day)","2018","2018","kcal/capita/day","2294","F","FAO estimate",""
"FS","Suite of Food Security Indicators","102","Iran (Islamic Republic of)","6128","Value","21057","Average dietary energy requirement (kcal/cap/day)","2014","2014","kcal/capita/day","2385","F","FAO estimate",""
"FS","Suite of Food Security Indicators","102","Iran (Islamic Republic of)","6128","Value","21057","Average dietary energy requirement (kcal/cap/day)","2018","2018","kcal/capita/day","2366","F","FAO estimate",""
"FS","Suite of Food Security Indicators","103","Iraq","6128","Value","21057","Average dietary energy requirement (kcal/cap/day)","2014","2014","kcal/capita/day","2255","F","FAO estimate",""
"FS","Suite of Food Security Indicators","103","Iraq","6128","Value","21057","Average dietary energy requirement (kcal/cap/day)","2018","2018","kcal/capita/day","2273","F","FAO estimate",""
"FS","Suite of Food Security Indicators","104","Ireland","6128","Value","21057","Average dietary energy requirement (kcal/cap/day)","2014","2014","kcal/capita/day","2460","F","FAO estimate",""
"FS","Suite of Food Security Indicators","104","Ireland","6128","Value","21057","Average dietary energy requirement (kcal/cap/day)","2018","2018","kcal/capita/day","2469","F","FAO estimate",""
"FS","Suite of Food Security Indicators","105","Israel","6128","Value","21057","Average dietary energy requirement (kcal/cap/day)","2014","2014","kcal/capita/day","2291","F","FAO estimate",""
"FS","Suite of Food Security Indicators","105","Israel","6128","Value","21057","Average dietary energy requirement (kcal/cap/day)","2018","2018","kcal/capita/day","2290","F","FAO estimate",""
"FS","Suite of Food Security Indicators","106","Italy","6128","Value","21057","Average dietary energy requirement (kcal/cap/day)","2014","2014","kcal/capita/day","2517","F","FAO estimate",""
"FS","Suite of Food Security Indicators","106","Italy","6128","Value","21057","Average dietary energy requirement (kcal/cap/day)","2018","2018","kcal/capita/day","2523","F","FAO estimate",""
"FS","Suite of Food Security Indicators","109","Jamaica","6128","Value","21057","Average dietary energy requirement (kcal/cap/day)","2014","2014","kcal/capita/day","2440","F","FAO estimate",""
"FS","Suite of Food Security Indicators","109","Jamaica","6128","Value","21057","Average dietary energy requirement (kcal/cap/day)","2018","2018","kcal/capita/day","2446","F","FAO estimate",""
"FS","Suite of Food Security Indicators","110","Japan","6128","Value","21057","Average dietary energy requirement (kcal/cap/day)","2014","2014","kcal/capita/day","2415","F","FAO estimate",""
"FS","Suite of Food Security Indicators","110","Japan","6128","Value","21057","Average dietary energy requirement (kcal/cap/day)","2018","2018","kcal/capita/day","2415","F","FAO estimate",""
"FS","Suite of Food Security Indicators","112","Jordan","6128","Value","21057","Average dietary energy requirement (kcal/cap/day)","2014","2014","kcal/capita/day","2298","F","FAO estimate",""
"FS","Suite of Food Security Indicators","112","Jordan","6128","Value","21057","Average dietary energy requirement (kcal/cap/day)","2018","2018","kcal/capita/day","2332","F","FAO estimate",""
"FS","Suite of Food Security Indicators","108","Kazakhstan","6128","Value","21057","Average dietary energy requirement (kcal/cap/day)","2014","2014","kcal/capita/day","2364","F","FAO estimate",""
"FS","Suite of Food Security Indicators","108","Kazakhstan","6128","Value","21057","Average dietary energy requirement (kcal/cap/day)","2018","2018","kcal/capita/day","2337","F","FAO estimate",""
"FS","Suite of Food Security Indicators","114","Kenya","6128","Value","21057","Average dietary energy requirement (kcal/cap/day)","2014","2014","kcal/capita/day","2181","F","FAO estimate",""
"FS","Suite of Food Security Indicators","114","Kenya","6128","Value","21057","Average dietary energy requirement (kcal/cap/day)","2018","2018","kcal/capita/day","2213","F","FAO estimate",""
"FS","Suite of Food Security Indicators","83","Kiribati","6128","Value","21057","Average dietary energy requirement (kcal/cap/day)","2014","2014","kcal/capita/day","2195","F","FAO estimate",""
"FS","Suite of Food Security Indicators","83","Kiribati","6128","Value","21057","Average dietary energy requirement (kcal/cap/day)","2018","2018","kcal/capita/day","2192","F","FAO estimate",""
"FS","Suite of Food Security Indicators","118","Kuwait","6128","Value","21057","Average dietary energy requirement (kcal/cap/day)","2014","2014","kcal/capita/day","2467","F","FAO estimate",""
"FS","Suite of Food Security Indicators","118","Kuwait","6128","Value","21057","Average dietary energy requirement (kcal/cap/day)","2018","2018","kcal/capita/day","2475","F","FAO estimate",""
"FS","Suite of Food Security Indicators","113","Kyrgyzstan","6128","Value","21057","Average dietary energy requirement (kcal/cap/day)","2014","2014","kcal/capita/day","2339","F","FAO estimate",""
"FS","Suite of Food Security Indicators","113","Kyrgyzstan","6128","Value","21057","Average dietary energy requirement (kcal/cap/day)","2018","2018","kcal/capita/day","2324","F","FAO estimate",""
"FS","Suite of Food Security Indicators","120","Lao People's Democratic Republic","6128","Value","21057","Average dietary energy requirement (kcal/cap/day)","2014","2014","kcal/capita/day","2322","F","FAO estimate",""
"FS","Suite of Food Security Indicators","120","Lao People's Democratic Republic","6128","Value","21057","Average dietary energy requirement (kcal/cap/day)","2018","2018","kcal/capita/day","2336","F","FAO estimate",""
"FS","Suite of Food Security Indicators","119","Latvia","6128","Value","21057","Average dietary energy requirement (kcal/cap/day)","2014","2014","kcal/capita/day","2465","F","FAO estimate",""
"FS","Suite of Food Security Indicators","119","Latvia","6128","Value","21057","Average dietary energy requirement (kcal/cap/day)","2018","2018","kcal/capita/day","2444","F","FAO estimate",""
"FS","Suite of Food Security Indicators","121","Lebanon","6128","Value","21057","Average dietary energy requirement (kcal/cap/day)","2014","2014","kcal/capita/day","2386","F","FAO estimate",""
"FS","Suite of Food Security Indicators","121","Lebanon","6128","Value","21057","Average dietary energy requirement (kcal/cap/day)","2018","2018","kcal/capita/day","2390","F","FAO estimate",""
"FS","Suite of Food Security Indicators","122","Lesotho","6128","Value","21057","Average dietary energy requirement (kcal/cap/day)","2014","2014","kcal/capita/day","2293","F","FAO estimate",""
"FS","Suite of Food Security Indicators","122","Lesotho","6128","Value","21057","Average dietary energy requirement (kcal/cap/day)","2018","2018","kcal/capita/day","2301","F","FAO estimate",""
"FS","Suite of Food Security Indicators","123","Liberia","6128","Value","21057","Average dietary energy requirement (kcal/cap/day)","2014","2014","kcal/capita/day","2187","F","FAO estimate",""
"FS","Suite of Food Security Indicators","123","Liberia","6128","Value","21057","Average dietary energy requirement (kcal/cap/day)","2018","2018","kcal/capita/day","2206","F","FAO estimate",""
"FS","Suite of Food Security Indicators","124","Libya","6128","Value","21057","Average dietary energy requirement (kcal/cap/day)","2014","2014","kcal/capita/day","2374","F","FAO estimate",""
"FS","Suite of Food Security Indicators","124","Libya","6128","Value","21057","Average dietary energy requirement (kcal/cap/day)","2018","2018","kcal/capita/day","2382","F","FAO estimate",""
"FS","Suite of Food Security Indicators","126","Lithuania","6128","Value","21057","Average dietary energy requirement (kcal/cap/day)","2014","2014","kcal/capita/day","2475","F","FAO estimate",""
"FS","Suite of Food Security Indicators","126","Lithuania","6128","Value","21057","Average dietary energy requirement (kcal/cap/day)","2018","2018","kcal/capita/day","2460","F","FAO estimate",""
"FS","Suite of Food Security Indicators","256","Luxembourg","6128","Value","21057","Average dietary energy requirement (kcal/cap/day)","2014","2014","kcal/capita/day","2571","F","FAO estimate",""
"FS","Suite of Food Security Indicators","256","Luxembourg","6128","Value","21057","Average dietary energy requirement (kcal/cap/day)","2018","2018","kcal/capita/day","2577","F","FAO estimate",""
"FS","Suite of Food Security Indicators","129","Madagascar","6128","Value","21057","Average dietary energy requirement (kcal/cap/day)","2014","2014","kcal/capita/day","2139","F","FAO estimate",""
"FS","Suite of Food Security Indicators","129","Madagascar","6128","Value","21057","Average dietary energy requirement (kcal/cap/day)","2018","2018","kcal/capita/day","2154","F","FAO estimate",""
"FS","Suite of Food Security Indicators","130","Malawi","6128","Value","21057","Average dietary energy requirement (kcal/cap/day)","2014","2014","kcal/capita/day","2138","F","FAO estimate",""
"FS","Suite of Food Security Indicators","130","Malawi","6128","Value","21057","Average dietary energy requirement (kcal/cap/day)","2018","2018","kcal/capita/day","2167","F","FAO estimate",""
"FS","Suite of Food Security Indicators","131","Malaysia","6128","Value","21057","Average dietary energy requirement (kcal/cap/day)","2014","2014","kcal/capita/day","2375","F","FAO estimate",""
"FS","Suite of Food Security Indicators","131","Malaysia","6128","Value","21057","Average dietary energy requirement (kcal/cap/day)","2018","2018","kcal/capita/day","2381","F","FAO estimate",""
"FS","Suite of Food Security Indicators","132","Maldives","6128","Value","21057","Average dietary energy requirement (kcal/cap/day)","2014","2014","kcal/capita/day","2411","F","FAO estimate",""
"FS","Suite of Food Security Indicators","132","Maldives","6128","Value","21057","Average dietary energy requirement (kcal/cap/day)","2018","2018","kcal/capita/day","2482","F","FAO estimate",""
"FS","Suite of Food Security Indicators","133","Mali","6128","Value","21057","Average dietary energy requirement (kcal/cap/day)","2014","2014","kcal/capita/day","2084","F","FAO estimate",""
"FS","Suite of Food Security Indicators","133","Mali","6128","Value","21057","Average dietary energy requirement (kcal/cap/day)","2018","2018","kcal/capita/day","2181","F","FAO estimate",""
"FS","Suite of Food Security Indicators","134","Malta","6128","Value","21057","Average dietary energy requirement (kcal/cap/day)","2014","2014","kcal/capita/day","2534","F","FAO estimate",""
"FS","Suite of Food Security Indicators","134","Malta","6128","Value","21057","Average dietary energy requirement (kcal/cap/day)","2018","2018","kcal/capita/day","2523","F","FAO estimate",""
"FS","Suite of Food Security Indicators","136","Mauritania","6128","Value","21057","Average dietary energy requirement (kcal/cap/day)","2014","2014","kcal/capita/day","2232","F","FAO estimate",""
"FS","Suite of Food Security Indicators","136","Mauritania","6128","Value","21057","Average dietary energy requirement (kcal/cap/day)","2018","2018","kcal/capita/day","2241","F","FAO estimate",""
"FS","Suite of Food Security Indicators","137","Mauritius","6128","Value","21057","Average dietary energy requirement (kcal/cap/day)","2014","2014","kcal/capita/day","2427","F","FAO estimate",""
"FS","Suite of Food Security Indicators","137","Mauritius","6128","Value","21057","Average dietary energy requirement (kcal/cap/day)","2018","2018","kcal/capita/day","2440","F","FAO estimate",""
"FS","Suite of Food Security Indicators","138","Mexico","6128","Value","21057","Average dietary energy requirement (kcal/cap/day)","2014","2014","kcal/capita/day","2368","F","FAO estimate",""
"FS","Suite of Food Security Indicators","138","Mexico","6128","Value","21057","Average dietary energy requirement (kcal/cap/day)","2018","2018","kcal/capita/day","2381","F","FAO estimate",""
"FS","Suite of Food Security Indicators","145","Micronesia (Federated States of)","6128","Value","21057","Average dietary energy requirement (kcal/cap/day)","2014","2014","kcal/capita/day","2244","F","FAO estimate",""
"FS","Suite of Food Security Indicators","145","Micronesia (Federated States of)","6128","Value","21057","Average dietary energy requirement (kcal/cap/day)","2018","2018","kcal/capita/day","2255","F","FAO estimate",""
"FS","Suite of Food Security Indicators","141","Mongolia","6128","Value","21057","Average dietary energy requirement (kcal/cap/day)","2014","2014","kcal/capita/day","2332","F","FAO estimate",""
"FS","Suite of Food Security Indicators","141","Mongolia","6128","Value","21057","Average dietary energy requirement (kcal/cap/day)","2018","2018","kcal/capita/day","2307","F","FAO estimate",""
"FS","Suite of Food Security Indicators","273","Montenegro","6128","Value","21057","Average dietary energy requirement (kcal/cap/day)","2014","2014","kcal/capita/day","2482","F","FAO estimate",""
"FS","Suite of Food Security Indicators","273","Montenegro","6128","Value","21057","Average dietary energy requirement (kcal/cap/day)","2018","2018","kcal/capita/day","2480","F","FAO estimate",""
"FS","Suite of Food Security Indicators","143","Morocco","6128","Value","21057","Average dietary energy requirement (kcal/cap/day)","2014","2014","kcal/capita/day","2366","F","FAO estimate",""
"FS","Suite of Food Security Indicators","143","Morocco","6128","Value","21057","Average dietary energy requirement (kcal/cap/day)","2018","2018","kcal/capita/day","2369","F","FAO estimate",""
"FS","Suite of Food Security Indicators","144","Mozambique","6128","Value","21057","Average dietary energy requirement (kcal/cap/day)","2014","2014","kcal/capita/day","2124","F","FAO estimate",""
"FS","Suite of Food Security Indicators","144","Mozambique","6128","Value","21057","Average dietary energy requirement (kcal/cap/day)","2018","2018","kcal/capita/day","2139","F","FAO estimate",""
"FS","Suite of Food Security Indicators","28","Myanmar","6128","Value","21057","Average dietary energy requirement (kcal/cap/day)","2014","2014","kcal/capita/day","2286","F","FAO estimate",""
"FS","Suite of Food Security Indicators","28","Myanmar","6128","Value","21057","Average dietary energy requirement (kcal/cap/day)","2018","2018","kcal/capita/day","2303","F","FAO estimate",""
"FS","Suite of Food Security Indicators","147","Namibia","6128","Value","21057","Average dietary energy requirement (kcal/cap/day)","2014","2014","kcal/capita/day","2252","F","FAO estimate",""
"FS","Suite of Food Security Indicators","147","Namibia","6128","Value","21057","Average dietary energy requirement (kcal/cap/day)","2018","2018","kcal/capita/day","2256","F","FAO estimate",""
"FS","Suite of Food Security Indicators","149","Nepal","6128","Value","21057","Average dietary energy requirement (kcal/cap/day)","2014","2014","kcal/capita/day","2218","F","FAO estimate",""
"FS","Suite of Food Security Indicators","149","Nepal","6128","Value","21057","Average dietary energy requirement (kcal/cap/day)","2018","2018","kcal/capita/day","2247","F","FAO estimate",""
"FS","Suite of Food Security Indicators","150","Netherlands","6128","Value","21057","Average dietary energy requirement (kcal/cap/day)","2014","2014","kcal/capita/day","2575","F","FAO estimate",""
"FS","Suite of Food Security Indicators","150","Netherlands","6128","Value","21057","Average dietary energy requirement (kcal/cap/day)","2018","2018","kcal/capita/day","2577","F","FAO estimate",""
"FS","Suite of Food Security Indicators","153","New Caledonia","6128","Value","21057","Average dietary energy requirement (kcal/cap/day)","2014","2014","kcal/capita/day","2318","F","FAO estimate",""
"FS","Suite of Food Security Indicators","153","New Caledonia","6128","Value","21057","Average dietary energy requirement (kcal/cap/day)","2018","2018","kcal/capita/day","2331","F","FAO estimate",""
"FS","Suite of Food Security Indicators","156","New Zealand","6128","Value","21057","Average dietary energy requirement (kcal/cap/day)","2014","2014","kcal/capita/day","2480","F","FAO estimate",""
"FS","Suite of Food Security Indicators","156","New Zealand","6128","Value","21057","Average dietary energy requirement (kcal/cap/day)","2018","2018","kcal/capita/day","2482","F","FAO estimate",""
"FS","Suite of Food Security Indicators","157","Nicaragua","6128","Value","21057","Average dietary energy requirement (kcal/cap/day)","2014","2014","kcal/capita/day","2280","F","FAO estimate",""
"FS","Suite of Food Security Indicators","157","Nicaragua","6128","Value","21057","Average dietary energy requirement (kcal/cap/day)","2018","2018","kcal/capita/day","2292","F","FAO estimate",""
"FS","Suite of Food Security Indicators","158","Niger","6128","Value","21057","Average dietary energy requirement (kcal/cap/day)","2014","2014","kcal/capita/day","2098","F","FAO estimate",""
"FS","Suite of Food Security Indicators","158","Niger","6128","Value","21057","Average dietary energy requirement (kcal/cap/day)","2018","2018","kcal/capita/day","2107","F","FAO estimate",""
"FS","Suite of Food Security Indicators","159","Nigeria","6128","Value","21057","Average dietary energy requirement (kcal/cap/day)","2014","2014","kcal/capita/day","2156","F","FAO estimate",""
"FS","Suite of Food Security Indicators","159","Nigeria","6128","Value","21057","Average dietary energy requirement (kcal/cap/day)","2018","2018","kcal/capita/day","2183","F","FAO estimate",""
"FS","Suite of Food Security Indicators","154","North Macedonia","6128","Value","21057","Average dietary energy requirement (kcal/cap/day)","2014","2014","kcal/capita/day","2511","F","FAO estimate",""
"FS","Suite of Food Security Indicators","154","North Macedonia","6128","Value","21057","Average dietary energy requirement (kcal/cap/day)","2018","2018","kcal/capita/day","2504","F","FAO estimate",""
"FS","Suite of Food Security Indicators","162","Norway","6128","Value","21057","Average dietary energy requirement (kcal/cap/day)","2014","2014","kcal/capita/day","2545","F","FAO estimate",""
"FS","Suite of Food Security Indicators","162","Norway","6128","Value","21057","Average dietary energy requirement (kcal/cap/day)","2018","2018","kcal/capita/day","2550","F","FAO estimate",""
"FS","Suite of Food Security Indicators","221","Oman","6128","Value","21057","Average dietary energy requirement (kcal/cap/day)","2014","2014","kcal/capita/day","2501","F","FAO estimate",""
"FS","Suite of Food Security Indicators","221","Oman","6128","Value","21057","Average dietary energy requirement (kcal/cap/day)","2018","2018","kcal/capita/day","2502","F","FAO estimate",""
"FS","Suite of Food Security Indicators","165","Pakistan","6128","Value","21057","Average dietary energy requirement (kcal/cap/day)","2014","2014","kcal/capita/day","2235","F","FAO estimate",""
"FS","Suite of Food Security Indicators","165","Pakistan","6128","Value","21057","Average dietary energy requirement (kcal/cap/day)","2018","2018","kcal/capita/day","2244","F","FAO estimate",""
"FS","Suite of Food Security Indicators","299","Palestine","6128","Value","21057","Average dietary energy requirement (kcal/cap/day)","2014","2014","kcal/capita/day","2211","F","FAO estimate",""
"FS","Suite of Food Security Indicators","299","Palestine","6128","Value","21057","Average dietary energy requirement (kcal/cap/day)","2018","2018","kcal/capita/day","2228","F","FAO estimate",""
"FS","Suite of Food Security Indicators","166","Panama","6128","Value","21057","Average dietary energy requirement (kcal/cap/day)","2014","2014","kcal/capita/day","2289","F","FAO estimate",""
"FS","Suite of Food Security Indicators","166","Panama","6128","Value","21057","Average dietary energy requirement (kcal/cap/day)","2018","2018","kcal/capita/day","2297","F","FAO estimate",""
"FS","Suite of Food Security Indicators","168","Papua New Guinea","6128","Value","21057","Average dietary energy requirement (kcal/cap/day)","2014","2014","kcal/capita/day","2193","F","FAO estimate",""
"FS","Suite of Food Security Indicators","168","Papua New Guinea","6128","Value","21057","Average dietary energy requirement (kcal/cap/day)","2018","2018","kcal/capita/day","2208","F","FAO estimate",""
"FS","Suite of Food Security Indicators","169","Paraguay","6128","Value","21057","Average dietary energy requirement (kcal/cap/day)","2014","2014","kcal/capita/day","2354","F","FAO estimate",""
"FS","Suite of Food Security Indicators","169","Paraguay","6128","Value","21057","Average dietary energy requirement (kcal/cap/day)","2018","2018","kcal/capita/day","2365","F","FAO estimate",""
"FS","Suite of Food Security Indicators","170","Peru","6128","Value","21057","Average dietary energy requirement (kcal/cap/day)","2014","2014","kcal/capita/day","2289","F","FAO estimate",""
"FS","Suite of Food Security Indicators","170","Peru","6128","Value","21057","Average dietary energy requirement (kcal/cap/day)","2018","2018","kcal/capita/day","2309","F","FAO estimate",""
"FS","Suite of Food Security Indicators","171","Philippines","6128","Value","21057","Average dietary energy requirement (kcal/cap/day)","2014","2014","kcal/capita/day","2221","F","FAO estimate",""
"FS","Suite of Food Security Indicators","171","Philippines","6128","Value","21057","Average dietary energy requirement (kcal/cap/day)","2018","2018","kcal/capita/day","2240","F","FAO estimate",""
"FS","Suite of Food Security Indicators","173","Poland","6128","Value","21057","Average dietary energy requirement (kcal/cap/day)","2014","2014","kcal/capita/day","2521","F","FAO estimate",""
"FS","Suite of Food Security Indicators","173","Poland","6128","Value","21057","Average dietary energy requirement (kcal/cap/day)","2018","2018","kcal/capita/day","2509","F","FAO estimate",""
"FS","Suite of Food Security Indicators","174","Portugal","6128","Value","21057","Average dietary energy requirement (kcal/cap/day)","2014","2014","kcal/capita/day","2491","F","FAO estimate",""
"FS","Suite of Food Security Indicators","174","Portugal","6128","Value","21057","Average dietary energy requirement (kcal/cap/day)","2018","2018","kcal/capita/day","2493","F","FAO estimate",""
"FS","Suite of Food Security Indicators","177","Puerto Rico","6128","Value","21057","Average dietary energy requirement (kcal/cap/day)","2014","2014","kcal/capita/day","2456","F","FAO estimate",""
"FS","Suite of Food Security Indicators","177","Puerto Rico","6128","Value","21057","Average dietary energy requirement (kcal/cap/day)","2018","2018","kcal/capita/day","2481","F","FAO estimate",""
"FS","Suite of Food Security Indicators","179","Qatar","6128","Value","21057","Average dietary energy requirement (kcal/cap/day)","2014","2014","kcal/capita/day","2707","F","FAO estimate",""
"FS","Suite of Food Security Indicators","179","Qatar","6128","Value","21057","Average dietary energy requirement (kcal/cap/day)","2018","2018","kcal/capita/day","2695","F","FAO estimate",""
"FS","Suite of Food Security Indicators","117","Republic of Korea","6128","Value","21057","Average dietary energy requirement (kcal/cap/day)","2014","2014","kcal/capita/day","2464","F","FAO estimate",""
"FS","Suite of Food Security Indicators","117","Republic of Korea","6128","Value","21057","Average dietary energy requirement (kcal/cap/day)","2018","2018","kcal/capita/day","2463","F","FAO estimate",""
"FS","Suite of Food Security Indicators","146","Republic of Moldova","6128","Value","21057","Average dietary energy requirement (kcal/cap/day)","2014","2014","kcal/capita/day","2522","F","FAO estimate",""
"FS","Suite of Food Security Indicators","146","Republic of Moldova","6128","Value","21057","Average dietary energy requirement (kcal/cap/day)","2018","2018","kcal/capita/day","2512","F","FAO estimate",""
"FS","Suite of Food Security Indicators","183","Romania","6128","Value","21057","Average dietary energy requirement (kcal/cap/day)","2014","2014","kcal/capita/day","2497","F","FAO estimate",""
"FS","Suite of Food Security Indicators","183","Romania","6128","Value","21057","Average dietary energy requirement (kcal/cap/day)","2018","2018","kcal/capita/day","2491","F","FAO estimate",""
"FS","Suite of Food Security Indicators","185","Russian Federation","6128","Value","21057","Average dietary energy requirement (kcal/cap/day)","2014","2014","kcal/capita/day","2475","F","FAO estimate",""
"FS","Suite of Food Security Indicators","185","Russian Federation","6128","Value","21057","Average dietary energy requirement (kcal/cap/day)","2018","2018","kcal/capita/day","2453","F","FAO estimate",""
"FS","Suite of Food Security Indicators","184","Rwanda","6128","Value","21057","Average dietary energy requirement (kcal/cap/day)","2014","2014","kcal/capita/day","2198","F","FAO estimate",""
"FS","Suite of Food Security Indicators","184","Rwanda","6128","Value","21057","Average dietary energy requirement (kcal/cap/day)","2018","2018","kcal/capita/day","2209","F","FAO estimate",""
"FS","Suite of Food Security Indicators","188","Saint Kitts and Nevis","6128","Value","21057","Average dietary energy requirement (kcal/cap/day)","2014","2014","kcal/capita/day","2448","F","FAO estimate",""
"FS","Suite of Food Security Indicators","188","Saint Kitts and Nevis","6128","Value","21057","Average dietary energy requirement (kcal/cap/day)","2018","2018","kcal/capita/day","2450","F","FAO estimate",""
"FS","Suite of Food Security Indicators","189","Saint Lucia","6128","Value","21057","Average dietary energy requirement (kcal/cap/day)","2014","2014","kcal/capita/day","2495","F","FAO estimate",""
"FS","Suite of Food Security Indicators","189","Saint Lucia","6128","Value","21057","Average dietary energy requirement (kcal/cap/day)","2018","2018","kcal/capita/day","2504","F","FAO estimate",""
"FS","Suite of Food Security Indicators","191","Saint Vincent and the Grenadines","6128","Value","21057","Average dietary energy requirement (kcal/cap/day)","2014","2014","kcal/capita/day","2453","F","FAO estimate",""
"FS","Suite of Food Security Indicators","191","Saint Vincent and the Grenadines","6128","Value","21057","Average dietary energy requirement (kcal/cap/day)","2018","2018","kcal/capita/day","2467","F","FAO estimate",""
"FS","Suite of Food Security Indicators","244","Samoa","6128","Value","21057","Average dietary energy requirement (kcal/cap/day)","2014","2014","kcal/capita/day","2252","F","FAO estimate",""
"FS","Suite of Food Security Indicators","244","Samoa","6128","Value","21057","Average dietary energy requirement (kcal/cap/day)","2018","2018","kcal/capita/day","2335","F","FAO estimate",""
"FS","Suite of Food Security Indicators","193","Sao Tome and Principe","6128","Value","21057","Average dietary energy requirement (kcal/cap/day)","2014","2014","kcal/capita/day","2220","F","FAO estimate",""
"FS","Suite of Food Security Indicators","193","Sao Tome and Principe","6128","Value","21057","Average dietary energy requirement (kcal/cap/day)","2018","2018","kcal/capita/day","2238","F","FAO estimate",""
"FS","Suite of Food Security Indicators","194","Saudi Arabia","6128","Value","21057","Average dietary energy requirement (kcal/cap/day)","2014","2014","kcal/capita/day","2405","F","FAO estimate",""
"FS","Suite of Food Security Indicators","194","Saudi Arabia","6128","Value","21057","Average dietary energy requirement (kcal/cap/day)","2018","2018","kcal/capita/day","2422","F","FAO estimate",""
"FS","Suite of Food Security Indicators","195","Senegal","6128","Value","21057","Average dietary energy requirement (kcal/cap/day)","2014","2014","kcal/capita/day","2224","F","FAO estimate",""
"FS","Suite of Food Security Indicators","195","Senegal","6128","Value","21057","Average dietary energy requirement (kcal/cap/day)","2018","2018","kcal/capita/day","2236","F","FAO estimate",""
"FS","Suite of Food Security Indicators","272","Serbia","6128","Value","21057","Average dietary energy requirement (kcal/cap/day)","2014","2014","kcal/capita/day","2492","F","FAO estimate",""
"FS","Suite of Food Security Indicators","272","Serbia","6128","Value","21057","Average dietary energy requirement (kcal/cap/day)","2018","2018","kcal/capita/day","2494","F","FAO estimate",""
"FS","Suite of Food Security Indicators","196","Seychelles","6128","Value","21057","Average dietary energy requirement (kcal/cap/day)","2014","2014","kcal/capita/day","2399","F","FAO estimate",""
"FS","Suite of Food Security Indicators","196","Seychelles","6128","Value","21057","Average dietary energy requirement (kcal/cap/day)","2018","2018","kcal/capita/day","2386","F","FAO estimate",""
"FS","Suite of Food Security Indicators","197","Sierra Leone","6128","Value","21057","Average dietary energy requirement (kcal/cap/day)","2014","2014","kcal/capita/day","2202","F","FAO estimate",""
"FS","Suite of Food Security Indicators","197","Sierra Leone","6128","Value","21057","Average dietary energy requirement (kcal/cap/day)","2018","2018","kcal/capita/day","2221","F","FAO estimate",""
"FS","Suite of Food Security Indicators","200","Singapore","6128","Value","21057","Average dietary energy requirement (kcal/cap/day)","2014","2014","kcal/capita/day","2505","F","FAO estimate",""
"FS","Suite of Food Security Indicators","200","Singapore","6128","Value","21057","Average dietary energy requirement (kcal/cap/day)","2018","2018","kcal/capita/day","2490","F","FAO estimate",""
"FS","Suite of Food Security Indicators","199","Slovakia","6128","Value","21057","Average dietary energy requirement (kcal/cap/day)","2014","2014","kcal/capita/day","2553","F","FAO estimate",""
"FS","Suite of Food Security Indicators","199","Slovakia","6128","Value","21057","Average dietary energy requirement (kcal/cap/day)","2018","2018","kcal/capita/day","2542","F","FAO estimate",""
"FS","Suite of Food Security Indicators","198","Slovenia","6128","Value","21057","Average dietary energy requirement (kcal/cap/day)","2014","2014","kcal/capita/day","2498","F","FAO estimate",""
"FS","Suite of Food Security Indicators","198","Slovenia","6128","Value","21057","Average dietary energy requirement (kcal/cap/day)","2018","2018","kcal/capita/day","2489","F","FAO estimate",""
"FS","Suite of Food Security Indicators","25","Solomon Islands","6128","Value","21057","Average dietary energy requirement (kcal/cap/day)","2014","2014","kcal/capita/day","2158","F","FAO estimate",""
"FS","Suite of Food Security Indicators","25","Solomon Islands","6128","Value","21057","Average dietary energy requirement (kcal/cap/day)","2018","2018","kcal/capita/day","2159","F","FAO estimate",""
"FS","Suite of Food Security Indicators","201","Somalia","6128","Value","21057","Average dietary energy requirement (kcal/cap/day)","2014","2014","kcal/capita/day","2178","F","FAO estimate",""
"FS","Suite of Food Security Indicators","201","Somalia","6128","Value","21057","Average dietary energy requirement (kcal/cap/day)","2018","2018","kcal/capita/day","2190","F","FAO estimate",""
"FS","Suite of Food Security Indicators","202","South Africa","6128","Value","21057","Average dietary energy requirement (kcal/cap/day)","2014","2014","kcal/capita/day","2403","F","FAO estimate",""
"FS","Suite of Food Security Indicators","202","South Africa","6128","Value","21057","Average dietary energy requirement (kcal/cap/day)","2018","2018","kcal/capita/day","2408","F","FAO estimate",""
"FS","Suite of Food Security Indicators","277","South Sudan","6128","Value","21057","Average dietary energy requirement (kcal/cap/day)","2014","2014","kcal/capita/day","2184","F","FAO estimate",""
"FS","Suite of Food Security Indicators","277","South Sudan","6128","Value","21057","Average dietary energy requirement (kcal/cap/day)","2018","2018","kcal/capita/day","2200","F","FAO estimate",""
"FS","Suite of Food Security Indicators","203","Spain","6128","Value","21057","Average dietary energy requirement (kcal/cap/day)","2014","2014","kcal/capita/day","2498","F","FAO estimate",""
"FS","Suite of Food Security Indicators","203","Spain","6128","Value","21057","Average dietary energy requirement (kcal/cap/day)","2018","2018","kcal/capita/day","2501","F","FAO estimate",""
"FS","Suite of Food Security Indicators","38","Sri Lanka","6128","Value","21057","Average dietary energy requirement (kcal/cap/day)","2014","2014","kcal/capita/day","2289","F","FAO estimate",""
"FS","Suite of Food Security Indicators","38","Sri Lanka","6128","Value","21057","Average dietary energy requirement (kcal/cap/day)","2018","2018","kcal/capita/day","2291","F","FAO estimate",""
"FS","Suite of Food Security Indicators","276","Sudan","6128","Value","21057","Average dietary energy requirement (kcal/cap/day)","2014","2014","kcal/capita/day","2200","F","FAO estimate",""
"FS","Suite of Food Security Indicators","276","Sudan","6128","Value","21057","Average dietary energy requirement (kcal/cap/day)","2018","2018","kcal/capita/day","2217","F","FAO estimate",""
"FS","Suite of Food Security Indicators","207","Suriname","6128","Value","21057","Average dietary energy requirement (kcal/cap/day)","2014","2014","kcal/capita/day","2366","F","FAO estimate",""
"FS","Suite of Food Security Indicators","207","Suriname","6128","Value","21057","Average dietary energy requirement (kcal/cap/day)","2018","2018","kcal/capita/day","2375","F","FAO estimate",""
"FS","Suite of Food Security Indicators","210","Sweden","6128","Value","21057","Average dietary energy requirement (kcal/cap/day)","2014","2014","kcal/capita/day","2535","F","FAO estimate",""
"FS","Suite of Food Security Indicators","210","Sweden","6128","Value","21057","Average dietary energy requirement (kcal/cap/day)","2018","2018","kcal/capita/day","2531","F","FAO estimate",""
"FS","Suite of Food Security Indicators","211","Switzerland","6128","Value","21057","Average dietary energy requirement (kcal/cap/day)","2014","2014","kcal/capita/day","2566","F","FAO estimate",""
"FS","Suite of Food Security Indicators","211","Switzerland","6128","Value","21057","Average dietary energy requirement (kcal/cap/day)","2018","2018","kcal/capita/day","2559","F","FAO estimate",""
"FS","Suite of Food Security Indicators","212","Syrian Arab Republic","6128","Value","21057","Average dietary energy requirement (kcal/cap/day)","2014","2014","kcal/capita/day","2319","F","FAO estimate",""
"FS","Suite of Food Security Indicators","212","Syrian Arab Republic","6128","Value","21057","Average dietary energy requirement (kcal/cap/day)","2018","2018","kcal/capita/day","2347","F","FAO estimate",""
"FS","Suite of Food Security Indicators","208","Tajikistan","6128","Value","21057","Average dietary energy requirement (kcal/cap/day)","2014","2014","kcal/capita/day","2283","F","FAO estimate",""
"FS","Suite of Food Security Indicators","208","Tajikistan","6128","Value","21057","Average dietary energy requirement (kcal/cap/day)","2018","2018","kcal/capita/day","2262","F","FAO estimate",""
"FS","Suite of Food Security Indicators","216","Thailand","6128","Value","21057","Average dietary energy requirement (kcal/cap/day)","2014","2014","kcal/capita/day","2446","F","FAO estimate",""
"FS","Suite of Food Security Indicators","216","Thailand","6128","Value","21057","Average dietary energy requirement (kcal/cap/day)","2018","2018","kcal/capita/day","2444","F","FAO estimate",""
"FS","Suite of Food Security Indicators","176","Timor-Leste","6128","Value","21057","Average dietary energy requirement (kcal/cap/day)","2014","2014","kcal/capita/day","2159","F","FAO estimate",""
"FS","Suite of Food Security Indicators","176","Timor-Leste","6128","Value","21057","Average dietary energy requirement (kcal/cap/day)","2018","2018","kcal/capita/day","2187","F","FAO estimate",""
"FS","Suite of Food Security Indicators","217","Togo","6128","Value","21057","Average dietary energy requirement (kcal/cap/day)","2014","2014","kcal/capita/day","2211","F","FAO estimate",""
"FS","Suite of Food Security Indicators","217","Togo","6128","Value","21057","Average dietary energy requirement (kcal/cap/day)","2018","2018","kcal/capita/day","2229","F","FAO estimate",""
"FS","Suite of Food Security Indicators","219","Tonga","6128","Value","21057","Average dietary energy requirement (kcal/cap/day)","2014","2014","kcal/capita/day","2356","F","FAO estimate",""
"FS","Suite of Food Security Indicators","219","Tonga","6128","Value","21057","Average dietary energy requirement (kcal/cap/day)","2018","2018","kcal/capita/day","2373","F","FAO estimate",""
"FS","Suite of Food Security Indicators","220","Trinidad and Tobago","6128","Value","21057","Average dietary energy requirement (kcal/cap/day)","2014","2014","kcal/capita/day","2424","F","FAO estimate",""
"FS","Suite of Food Security Indicators","220","Trinidad and Tobago","6128","Value","21057","Average dietary energy requirement (kcal/cap/day)","2018","2018","kcal/capita/day","2424","F","FAO estimate",""
"FS","Suite of Food Security Indicators","222","Tunisia","6128","Value","21057","Average dietary energy requirement (kcal/cap/day)","2014","2014","kcal/capita/day","2357","F","FAO estimate",""
"FS","Suite of Food Security Indicators","222","Tunisia","6128","Value","21057","Average dietary energy requirement (kcal/cap/day)","2018","2018","kcal/capita/day","2345","F","FAO estimate",""
"FS","Suite of Food Security Indicators","223","Turkey","6128","Value","21057","Average dietary energy requirement (kcal/cap/day)","2014","2014","kcal/capita/day","2386","F","FAO estimate",""
"FS","Suite of Food Security Indicators","223","Turkey","6128","Value","21057","Average dietary energy requirement (kcal/cap/day)","2018","2018","kcal/capita/day","2395","F","FAO estimate",""
"FS","Suite of Food Security Indicators","213","Turkmenistan","6128","Value","21057","Average dietary energy requirement (kcal/cap/day)","2014","2014","kcal/capita/day","2308","F","FAO estimate",""
"FS","Suite of Food Security Indicators","213","Turkmenistan","6128","Value","21057","Average dietary energy requirement (kcal/cap/day)","2018","2018","kcal/capita/day","2297","F","FAO estimate",""
"FS","Suite of Food Security Indicators","226","Uganda","6128","Value","21057","Average dietary energy requirement (kcal/cap/day)","2014","2014","kcal/capita/day","2140","F","FAO estimate",""
"FS","Suite of Food Security Indicators","226","Uganda","6128","Value","21057","Average dietary energy requirement (kcal/cap/day)","2018","2018","kcal/capita/day","2162","F","FAO estimate",""
"FS","Suite of Food Security Indicators","230","Ukraine","6128","Value","21057","Average dietary energy requirement (kcal/cap/day)","2014","2014","kcal/capita/day","2484","F","FAO estimate",""
"FS","Suite of Food Security Indicators","230","Ukraine","6128","Value","21057","Average dietary energy requirement (kcal/cap/day)","2018","2018","kcal/capita/day","2478","F","FAO estimate",""
"FS","Suite of Food Security Indicators","225","United Arab Emirates","6128","Value","21057","Average dietary energy requirement (kcal/cap/day)","2014","2014","kcal/capita/day","2684","F","FAO estimate",""
"FS","Suite of Food Security Indicators","225","United Arab Emirates","6128","Value","21057","Average dietary energy requirement (kcal/cap/day)","2018","2018","kcal/capita/day","2666","F","FAO estimate",""
"FS","Suite of Food Security Indicators","229","United Kingdom of Great Britain and Northern Ireland","6128","Value","21057","Average dietary energy requirement (kcal/cap/day)","2014","2014","kcal/capita/day","2489","F","FAO estimate",""
"FS","Suite of Food Security Indicators","229","United Kingdom of Great Britain and Northern Ireland","6128","Value","21057","Average dietary energy requirement (kcal/cap/day)","2018","2018","kcal/capita/day","2488","F","FAO estimate",""
"FS","Suite of Food Security Indicators","215","United Republic of Tanzania","6128","Value","21057","Average dietary energy requirement (kcal/cap/day)","2014","2014","kcal/capita/day","2123","F","FAO estimate",""
"FS","Suite of Food Security Indicators","215","United Republic of Tanzania","6128","Value","21057","Average dietary energy requirement (kcal/cap/day)","2018","2018","kcal/capita/day","2136","F","FAO estimate",""
"FS","Suite of Food Security Indicators","231","United States of America","6128","Value","21057","Average dietary energy requirement (kcal/cap/day)","2014","2014","kcal/capita/day","2545","F","FAO estimate",""
"FS","Suite of Food Security Indicators","231","United States of America","6128","Value","21057","Average dietary energy requirement (kcal/cap/day)","2018","2018","kcal/capita/day","2548","F","FAO estimate",""
"FS","Suite of Food Security Indicators","234","Uruguay","6128","Value","21057","Average dietary energy requirement (kcal/cap/day)","2014","2014","kcal/capita/day","2411","F","FAO estimate",""
"FS","Suite of Food Security Indicators","234","Uruguay","6128","Value","21057","Average dietary energy requirement (kcal/cap/day)","2018","2018","kcal/capita/day","2414","F","FAO estimate",""
"FS","Suite of Food Security Indicators","235","Uzbekistan","6128","Value","21057","Average dietary energy requirement (kcal/cap/day)","2014","2014","kcal/capita/day","2379","F","FAO estimate",""
"FS","Suite of Food Security Indicators","235","Uzbekistan","6128","Value","21057","Average dietary energy requirement (kcal/cap/day)","2018","2018","kcal/capita/day","2370","F","FAO estimate",""
"FS","Suite of Food Security Indicators","155","Vanuatu","6128","Value","21057","Average dietary energy requirement (kcal/cap/day)","2014","2014","kcal/capita/day","2158","F","FAO estimate",""
"FS","Suite of Food Security Indicators","155","Vanuatu","6128","Value","21057","Average dietary energy requirement (kcal/cap/day)","2018","2018","kcal/capita/day","2166","F","FAO estimate",""
"FS","Suite of Food Security Indicators","236","Venezuela (Bolivarian Republic of)","6128","Value","21057","Average dietary energy requirement (kcal/cap/day)","2014","2014","kcal/capita/day","2336","F","FAO estimate",""
"FS","Suite of Food Security Indicators","236","Venezuela (Bolivarian Republic of)","6128","Value","21057","Average dietary energy requirement (kcal/cap/day)","2018","2018","kcal/capita/day","2344","F","FAO estimate",""
"FS","Suite of Food Security Indicators","237","Viet Nam","6128","Value","21057","Average dietary energy requirement (kcal/cap/day)","2014","2014","kcal/capita/day","2305","F","FAO estimate",""
"FS","Suite of Food Security Indicators","237","Viet Nam","6128","Value","21057","Average dietary energy requirement (kcal/cap/day)","2018","2018","kcal/capita/day","2297","F","FAO estimate",""
"FS","Suite of Food Security Indicators","249","Yemen","6128","Value","21057","Average dietary energy requirement (kcal/cap/day)","2014","2014","kcal/capita/day","2161","F","FAO estimate",""
"FS","Suite of Food Security Indicators","249","Yemen","6128","Value","21057","Average dietary energy requirement (kcal/cap/day)","2018","2018","kcal/capita/day","2180","F","FAO estimate",""
"FS","Suite of Food Security Indicators","251","Zambia","6128","Value","21057","Average dietary energy requirement (kcal/cap/day)","2014","2014","kcal/capita/day","2142","F","FAO estimate",""
"FS","Suite of Food Security Indicators","251","Zambia","6128","Value","21057","Average dietary energy requirement (kcal/cap/day)","2018","2018","kcal/capita/day","2167","F","FAO estimate",""
"FS","Suite of Food Security Indicators","181","Zimbabwe","6128","Value","21057","Average dietary energy requirement (kcal/cap/day)","2014","2014","kcal/capita/day","2210","F","FAO estimate",""
"FS","Suite of Food Security Indicators","181","Zimbabwe","6128","Value","21057","Average dietary energy requirement (kcal/cap/day)","2018","2018","kcal/capita/day","2224","F","FAO estimate",""
